id,unique_id,package_name,package_description,package_category_id,image_url,slot,fixed_amount,package_category,interest_rate,no_of_month,max_no_of_months,withdrawable_month,created_by,visibility,IsRecurrent,InvestmentPlan,DailyInterest,DailyContributoryPercent,DailyIncubationPercent,TotalInvestmentPercent,TerminationPercent,IncubationDuration,HasIncubation,date_created
2,059087e17d3ca0d6bb47dac9f5ab9116,0,50.4,c70ff737566fcef6a259b7ed392fe2bb,15,0,NULL,soldiers.png,0%,2,10000,6,dfsdfsdfs312132132vfff,1,0,NULL,0.00138,0,0,0,NULL,0,0,2019-12-05 11:19
3,b0ebbe02165fce0c33b7a207d0d2c456,Civilian Standard Package,"<p>Description&nbsp;<br />In our standard investment package, you can buy an investment slot for as low as 50,000 Naira for a return as high as 45% per annum on your investment.&nbsp; You&nbsp;can also have multiple investment slots. The good thing about the investment package is that it can be liquidated at any time after three months of subscription.&nbsp;<br /><br />Features:<br /><br />1. Up to 45% ROI per annum.<br />2. Monitor investment from your mobile.<br />3. Liquidate investment anytime.<br />4. We bear your risks.<br />5. An investor may have multiple plans.<br />6. Plan can run concurrently with other investment plans.<br />7. Monthly access to profit.<br />8. Get huge reward for referring others.</p><p>9. If liquidated before three months 20% will be deducted from subscriber's capital.</p><p><br />Only a few slots are available.<br />Eligibility: Anyone is eligible to partake in this investment package.</p>",c70ff737566fcef6a259b7ed392fe2bb,Front-Page-USAID-Photo.jpg,4872,50000,Civilian Sponsorship Packages,45%,2,10000,6,dfsdfsdfs312132132vfff,1,0,NULL,61.64,0.00123,0,45,20,0,0,2019-12-05 11:22
4,3f44d0caf52568b5692faa4f012e6e64,Reduced,"<p>This package makes investments easier for you by buying a slot for as low as 2,000 Naira. You can have unlimited number of slots and gradually build a strong portfolio earning you up to 40% Return on Investment per annum. There is a huge power in smallness, do not wait till you have big monies, start investing now with this micro package and unlock your earning ability. To start investing, please click the button on the right side.</p>",1e597bbb3965a3657596cea8a6a87fd6,agreement.jpg,0,2000,Micro Investments,0%,2,10000,6,dfsdfsdfs312132132vfff,1,0,NULL,2.3,0,0,0,NULL,0,0,2019-12-06 11:05
5,7b36c2202a7f3ec71fcf31e4f0526038,Student ,"<p>While being a student can be financially demanding, you can regardless, begin to build a financial portfolio for yourself for a good head start right after school. You should not wait until you get a job or have a huge amount of money before you begin to invest. Start investing with the little you have now and watch your portfolio grow.</p>",2627dc331bf3725dbd1d63615eaedd26,afr-agriculture-development-in-west-africa-improving-productivity-through-research-and-extension-740x423.jpg,4983,5000,Youth Investments,44.04%,2,10000,6,dfsdfsdfs312132132vfff,1,0,NULL,6.03,0.00121,0,44.04,15,0,0,2020-01-03 15:31
6,3edd3fc0f5202fdb0e18db367a340727,Kiddiz,<p>Start building your youngsters' financial future by training them on financial intelligence and making a huge savings for them. This package is designed for children investments so that they have some savings working for them as they grow. Buy unlimited number of slots for your kids in your own profile or simply create their respective profiles and watch it grow. It is an affordable investment you will be happy you subscribe to.</p>,2627dc331bf3725dbd1d63615eaedd26,IMG-20170427-WA0045.jpg,4999,2500,Youth Investments,42%,2,10000,6,dfsdfsdfs312132132vfff,1,0,NULL,2.88,0.00115,0,42,15,0,0,2020-01-03 15:38
7,3edd3fc0f5202fdb0e18db367a340728, Starter Package,"<p>Description.&nbsp;&nbsp; <br />This is an investment package for the Military targeted at investors who can save their investments over a period of 24months. In this package, the investor buys a slot for a minimum of 25,000 Naira only, leaves the investment for a further 24 months for a return of 220% of investment capital.</p><p>&nbsp;</p><p><br />Features:<br />1. Maturity tenure of 24 months. <br />2. Up to 220% ROI on maturity. <br />3. An investor may have multiple plans. <br />10. The plan can run concurrently with other investment plans.&nbsp; &nbsp; &nbsp; <br />11. Monitor investment from your mobile. <br />12. Premature termination of investment results in 20% loss of capital. <br />13. Get a reward for referring others.<br /><br />Only few slots available.</p>",,Military Starter Image.jpg,0,25000,Military Investments,220%,2,24,6,dfsdfsdfs312132132vfff,1,0,monthly,75.34,0.00301,0,220,15,0,0,2020-01-03 15:44
8,3edd3fc0f5202fdb0e18db367a340729,Veteran Package,,,Legion of Nigeria.jpg,0,NULL,Military Investments,0%,2,10000,6,dfsdfsdfs312132132vfff,1,1,monthly,NULL,0.0012,0.0024,0,15,183,1,2020-01-03 15:51
9,3edd3fc0f5202fdb0e18db367a340730,My Plan,"<p>Description</p><p>We understand the variation in risk appetite, so we have a package that may suit your appetite. If you want to invest in any of our project and you find none of our packages suitable for you, you can discuss a mutually beneficial business relationship with us. We can come to terms regarding your specific investments needs, provided it is feasible and leads to a Win-Win relationship. Our partnership may exceed financial investments to business to business partnership for mutual profitability.<br />&nbsp;<br />Features.<br />1. Highly flexible Win-Win Business Relationship.<br />2. Clients Oriented.<br />3. Can run concurrently with other investments packages.<br />&nbsp;<br />Eligibility: Military persons are eligible to partake in this package.</p>",,Tactics pictures.png,NULL,NULL,Military Investments,0%,2,10000,6,dfsdfsdfs312132132vfff,1,0,NULL,NULL,NULL,0,0,NULL,0,0,2020-01-03 15:57
10,3edd3fc0f5202fdb0e18db367a340731,Special Plan,"<p>Description&nbsp;&nbsp;<br />We understand the variation in risk appetite, so we have a package that may suit your appetite. If you want to invest in any of our project and you find none of our packages suitable for you, you can discuss a mutually beneficial business relationship with us. We can come to terms regarding your specific investments needs, provided it is feasible and leads to a Win-Win relationship. Our partnership may exceed financial investments to business to business partnership for mutual profitability.<br />&nbsp;<br />Features.<br />1. Highly flexible Win-Win Business Relationship.<br />2. Clients Oriented.<br />2. Can run concurrently with other investments packages.<br />&nbsp;<br />Eligibility: Anyone is eligible to partake in this package.</p>",,Special.jpg,NULL,NULL,Civilian Investments,0%,2,10000,6,dfsdfsdfs312132132vfff,1,0,NULL,NULL,NULL,0,0,NULL,0,0,2020-01-03 16:04
11,3edd3fc0f5202fdb0e18db367a340732, Corpers&#39; Package,"<p>As a youth corper, you secretly may be having fears about what the future holds after the Service, well, while your allowance may be meagre, you can start to build a starting pedestal for yourself post service. With just 5,000 Naira for a slot, you can earn up to 40% return on investment per annum.</p>",,Corpers.jpg,4986,5000,Youth Investments,40.04%,2,10000,6,dfsdfsdfs312132132vfff,1,0,monthly,6.03,0.00121,0,40.04,15,0,0,2020-01-03 16:11
12,3edd3fc0f5202fdb0e18db367a340733, Basal Plan - 360,"<p><strong style=""mso-bidi-font-weight: normal;"">Basal Plans - 360</strong></p><p>Description:<br />The basal package is an affordable contributory package that allows sponsorship with as low as 500 Naira only per day. The package allows for daily contribution for a year (365 days).&nbsp; Like other contributory packages, this package has the contribution phase of one year and the incubation phase of One month.&nbsp; During the contributory phase, the Sponsor continues to contribute 500 Naira daily to his portfolio he may also chose to do it weekly or fortnightly (It is better to pay ahead). The profit calculation will only be based on contribution balance. Please note that during the contribution phase, the sponsor may still liquidate his package at a surcharge of 15% of balance.</p><p style=""margin: 0cm; margin-bottom: .0001pt;""><span style=""font-family: 'Arial','sans-serif'; color: #333333;"">Features:</span></p><ul><li>Easy to setup.</li><li>25.56 Return on Investment in 13 Months.<br />Contributory Sponsorship Package.<br />Minimum contribution as low as 500 Naira daily. <br />Contributory term of 12 months.<br />Maturity tenure of 13 months. <br />To maximize profit, Sponsors are implored to be consistent in daily contributions.</li><li>Plan can run concurrently with other plans.</li><li>Monitor your packages from your mobile. <br />Premature termination results in 15% loss of balance.&nbsp; <br />Termination after Contributory phase attracts no penalty.&nbsp;</li><li>Get huge reward for referring others. <br />Life insurance worth of the total contribution made.&nbsp; &nbsp; &nbsp; &nbsp;<br />Accident insurance of up to 10% of contribution target.&nbsp;&nbsp;</li></ul><p style=""margin: 0cm; margin-bottom: .0001pt;"">&nbsp;</p><p style=""margin: 0cm; margin-bottom: .0001pt;"">Please click here to download brochure for this package.</p><p style=""margin: 0cm; margin-bottom: .0001pt;"">Please click here to download the profit spread sheet for this package.</p><p>&nbsp;</p><!-- [if gte mso 9]><xml> <o:OfficeDocumentSettings>  <o:AllowPNG/> </o:OfficeDocumentSettings></xml><![endif]--><!-- [if gte mso 9]><xml> <w:WordDocument>  <w:View>Normal</w:View>  <w:Zoom>0</w:Zoom>  <w:TrackMoves/>  <w:TrackFormatting/>  <w:PunctuationKerning/>  <w:ValidateAgainstSchemas/>  <w:SaveIfXMLInvalid>false</w:SaveIfXMLInvalid>  <w:IgnoreMixedContent>false</w:IgnoreMixedContent>  <w:AlwaysShowPlaceholderText>false</w:AlwaysShowPlaceholderText>  <w:DoNotPromoteQF/>  <w:LidThemeOther>EN-GB</w:LidThemeOther>  <w:LidThemeAsian>X-NONE</w:LidThemeAsian>  <w:LidThemeComplexScript>X-NONE</w:LidThemeComplexScript>  <w:Compatibility>   <w:BreakWrappedTables/>   <w:SnapToGridInCell/>   <w:WrapTextWithPunct/>   <w:UseAsianBreakRules/>   <w:DontGrowAutofit/>   <w:SplitPgBreakAndParaMark/>   <w:EnableOpenTypeKerning/>   <w:DontFlipMirrorIndents/>   <w:OverrideTableStyleHps/>  </w:Compatibility>  <m:mathPr>   <m:mathFont m:val=""Cambria Math""/>   <m:brkBin m:val=""before""/>   <m:brkBinSub m:val=""&#45;-""/>   <m:smallFrac m:val=""off""/>   <m:dispDef/>   <m:lMargin m:val=""0""/>   <m:rMargin m:val=""0""/>   <m:defJc m:val=""centerGroup""/>   <m:wrapIndent m:val=""1440""/>   <m:intLim m:val=""subSup""/>   <m:naryLim m:val=""undOvr""/>  </m:mathPr></w:WordDocument></xml><![endif]--><!-- [if gte mso 9]><xml> <w:LatentStyles DefLockedState=""false"" DefUnhideWhenUsed=""true""  DefSemiHidden=""true"" DefQFormat=""false"" DefPriority=""99""  LatentStyleCount=""267"">  <w:LsdException Locked=""false"" Priority=""0"" SemiHidden=""false""   UnhideWhenUsed=""false"" QFormat=""true"" Name=""Normal""/>  <w:LsdException Locked=""false"" Priority=""9"" SemiHidden=""false""   UnhideWhenUsed=""false"" QFormat=""true"" Name=""heading 1""/>  <w:LsdException Locked=""false"" Priority=""9"" QFormat=""true"" Name=""heading 2""/>  <w:LsdException Locked=""false"" Priority=""9"" QFormat=""true"" Name=""heading 3""/>  <w:LsdException Locked=""false"" Priority=""9"" QFormat=""true"" Name=""heading 4""/>  <w:LsdException Locked=""false"" Priority=""9"" QFormat=""true"" Name=""heading 5""/>  <w:LsdException Locked=""false"" Priority=""9"" QFormat=""true"" Name=""heading 6""/>  <w:LsdException Locked=""false"" Priority=""9"" QFormat=""true"" Name=""heading 7""/>  <w:LsdException Locked=""false"" Priority=""9"" QFormat=""true"" Name=""heading 8""/>  <w:LsdException Locked=""false"" Priority=""9"" QFormat=""true"" Name=""heading 9""/>  <w:LsdException Locked=""false"" Priority=""39"" Name=""toc 1""/>  <w:LsdException Locked=""false"" Priority=""39"" Name=""toc 2""/>  <w:LsdException Locked=""false"" Priority=""39"" Name=""toc 3""/>  <w:LsdException Locked=""false"" Priority=""39"" Name=""toc 4""/>  <w:LsdException Locked=""false"" Priority=""39"" Name=""toc 5""/>  <w:LsdException Locked=""false"" Priority=""39"" Name=""toc 6""/>  <w:LsdException Locked=""false"" Priority=""39"" Name=""toc 7""/>  <w:LsdException Locked=""false"" Priority=""39"" Name=""toc 8""/>  <w:LsdException Locked=""false"" Priority=""39"" Name=""toc 9""/>  <w:LsdException Locked=""false"" Priority=""35"" QFormat=""true"" Name=""caption""/>  <w:LsdException Locked=""false"" Priority=""10"" SemiHidden=""false""   UnhideWhenUsed=""false"" QFormat=""true"" Name=""Title""/>  <w:LsdException Locked=""false"" Priority=""1"" Name=""Default Paragraph Font""/>  <w:LsdException Locked=""false"" Priority=""11"" SemiHidden=""false""   UnhideWhenUsed=""false"" QFormat=""true"" Name=""Subtitle""/>  <w:LsdException Locked=""false"" Priority=""22"" SemiHidden=""false""   UnhideWhenUsed=""false"" QFormat=""true"" Name=""Strong""/>  <w:LsdException Locked=""false"" Priority=""20"" SemiHidden=""false""   UnhideWhenUsed=""false"" QFormat=""true"" Name=""Emphasis""/>  <w:LsdException Locked=""false"" Priority=""59"" SemiHidden=""false""   UnhideWhenUsed=""false"" Name=""Table Grid""/>  <w:LsdException Locked=""false"" UnhideWhenUsed=""false"" Name=""Placeholder Text""/>  <w:LsdException Locked=""false"" Priority=""1"" SemiHidden=""false""   UnhideWhenUsed=""false"" QFormat=""true"" Name=""No Spacing""/>  <w:LsdException Locked=""false"" Priority=""60"" SemiHidden=""false""   UnhideWhenUsed=""false"" Name=""Light Shading""/>  <w:LsdException Locked=""false"" Priority=""61"" SemiHidden=""false""   UnhideWhenUsed=""false"" Name=""Light List""/>  <w:LsdException Locked=""false"" Priority=""62"" SemiHidden=""false""   UnhideWhenUsed=""false"" Name=""Light Grid""/>  <w:LsdException Locked=""false"" Priority=""63"" SemiHidden=""false""   UnhideWhenUsed=""false"" Name=""Medium Shading 1""/>  <w:LsdException Locked=""false"" Priority=""64"" SemiHidden=""false""   UnhideWhenUsed=""false"" Name=""Medium Shading 2""/>  <w:LsdException Locked=""false"" Priority=""65"" SemiHidden=""false""   UnhideWhenUsed=""false"" Name=""Medium List 1""/>  <w:LsdException Locked=""false"" Priority=""66"" SemiHidden=""false""   UnhideWhenUsed=""false"" Name=""Medium List 2""/>  <w:LsdException Locked=""false"" Priority=""67"" SemiHidden=""false""   UnhideWhenUsed=""false"" Name=""Medium Grid 1""/>  <w:LsdException Locked=""false"" Priority=""68"" SemiHidden=""false""   UnhideWhenUsed=""false"" Name=""Medium Grid 2""/>  <w:LsdException Locked=""false"" Priority=""69"" SemiHidden=""false""   UnhideWhenUsed=""false"" Name=""Medium Grid 3""/>  <w:LsdException Locked=""false"" Priority=""70"" SemiHidden=""false""   UnhideWhenUsed=""false"" Name=""Dark List""/>  <w:LsdException Locked=""false"" Priority=""71"" SemiHidden=""false""   UnhideWhenUsed=""false"" Name=""Colorful Shading""/>  <w:LsdException Locked=""false"" Priority=""72"" SemiHidden=""false""   UnhideWhenUsed=""false"" Name=""Colorful List""/>  <w:LsdException Locked=""false"" Priority=""73"" SemiHidden=""false""   UnhideWhenUsed=""false"" Name=""Colorful Grid""/>  <w:LsdException Locked=""false"" Priority=""60"" SemiHidden=""false""   UnhideWhenUsed=""false"" Name=""Light Shading Accent 1""/>  <w:LsdException Locked=""false"" Priority=""61"" SemiHidden=""false""   UnhideWhenUsed=""false"" Name=""Light List Accent 1""/>  <w:LsdException Locked=""false"" Priority=""62"" SemiHidden=""false""   UnhideWhenUsed=""false"" Name=""Light Grid Accent 1""/>  <w:LsdException Locked=""false"" Priority=""63"" SemiHidden=""false""   UnhideWhenUsed=""false"" Name=""Medium Shading 1 Accent 1""/>  <w:LsdException Locked=""false"" Priority=""64"" SemiHidden=""false""   UnhideWhenUsed=""false"" Name=""Medium Shading 2 Accent 1""/>  <w:LsdException Locked=""false"" Priority=""65"" SemiHidden=""false""   UnhideWhenUsed=""false"" Name=""Medium List 1 Accent 1""/>  <w:LsdException Locked=""false"" UnhideWhenUsed=""false"" Name=""Revision""/>  <w:LsdException Locked=""false"" Priority=""34"" SemiHidden=""false""   UnhideWhenUsed=""false"" QFormat=""true"" Name=""List Paragraph""/>  <w:LsdException Locked=""false"" Priority=""29"" SemiHidden=""false""   UnhideWhenUsed=""false"" QFormat=""true"" Name=""Quote""/>  <w:LsdException Locked=""false"" Priority=""30"" SemiHidden=""false""   UnhideWhenUsed=""false"" QFormat=""true"" Name=""Intense Quote""/>  <w:LsdException Locked=""false"" Priority=""66"" SemiHidden=""false""   UnhideWhenUsed=""false"" Name=""Medium List 2 Accent 1""/>  <w:LsdException Locked=""false"" Priority=""67"" SemiHidden=""false""   UnhideWhenUsed=""false"" Name=""Medium Grid 1 Accent 1""/>  <w:LsdException Locked=""false"" Priority=""68"" SemiHidden=""false""   UnhideWhenUsed=""false"" Name=""Medium Grid 2 Accent 1""/>  <w:LsdException Locked=""false"" Priority=""69"" SemiHidden=""false""   UnhideWhenUsed=""false"" Name=""Medium Grid 3 Accent 1""/>  <w:LsdException Locked=""false"" Priority=""70"" SemiHidden=""false""   UnhideWhenUsed=""false"" Name=""Dark List Accent 1""/>  <w:LsdException Locked=""false"" Priority=""71"" SemiHidden=""false""   UnhideWhenUsed=""false"" Name=""Colorful Shading Accent 1""/>  <w:LsdException Locked=""false"" Priority=""72"" SemiHidden=""false""   UnhideWhenUsed=""false"" Name=""Colorful List Accent 1""/>  <w:LsdException Locked=""false"" Priority=""73"" SemiHidden=""false""   UnhideWhenUsed=""false"" Name=""Colorful Grid Accent 1""/>  <w:LsdException Locked=""false"" Priority=""60"" SemiHidden=""false""   UnhideWhenUsed=""false"" Name=""Light Shading Accent 2""/>  <w:LsdException Locked=""false"" Priority=""61"" SemiHidden=""false""   UnhideWhenUsed=""false"" Name=""Light List Accent 2""/>  <w:LsdException Locked=""false"" Priority=""62"" SemiHidden=""false""   UnhideWhenUsed=""false"" Name=""Light Grid Accent 2""/>  <w:LsdException Locked=""false"" Priority=""63"" SemiHidden=""false""   UnhideWhenUsed=""false"" Name=""Medium Shading 1 Accent 2""/>  <w:LsdException Locked=""false"" Priority=""64"" SemiHidden=""false""   UnhideWhenUsed=""false"" Name=""Medium Shading 2 Accent 2""/>  <w:LsdException Locked=""false"" Priority=""65"" SemiHidden=""false""   UnhideWhenUsed=""false"" Name=""Medium List 1 Accent 2""/>  <w:LsdException Locked=""false"" Priority=""66"" SemiHidden=""false""   UnhideWhenUsed=""false"" Name=""Medium List 2 Accent 2""/>  <w:LsdException Locked=""false"" Priority=""67"" SemiHidden=""false""   UnhideWhenUsed=""false"" Name=""Medium Grid 1 Accent 2""/>  <w:LsdException Locked=""false"" Priority=""68"" SemiHidden=""false""   UnhideWhenUsed=""false"" Name=""Medium Grid 2 Accent 2""/>  <w:LsdException Locked=""false"" Priority=""69"" SemiHidden=""false""   UnhideWhenUsed=""false"" Name=""Medium Grid 3 Accent 2""/>  <w:LsdException Locked=""false"" Priority=""70"" SemiHidden=""false""   UnhideWhenUsed=""false"" Name=""Dark List Accent 2""/>  <w:LsdException Locked=""false"" Priority=""71"" SemiHidden=""false""   UnhideWhenUsed=""false"" Name=""Colorful Shading Accent 2""/>  <w:LsdException Locked=""false"" Priority=""72"" SemiHidden=""false""   UnhideWhenUsed=""false"" Name=""Colorful List Accent 2""/>  <w:LsdException Locked=""false"" Priority=""73"" SemiHidden=""false""   UnhideWhenUsed=""false"" Name=""Colorful Grid Accent 2""/>  <w:LsdException Locked=""false"" Priority=""60"" SemiHidden=""false""   UnhideWhenUsed=""false"" Name=""Light Shading Accent 3""/>  <w:LsdException Locked=""false"" Priority=""61"" SemiHidden=""false""   UnhideWhenUsed=""false"" Name=""Light List Accent 3""/>  <w:LsdException Locked=""false"" Priority=""62"" SemiHidden=""false""   UnhideWhenUsed=""false"" Name=""Light Grid Accent 3""/>  <w:LsdException Locked=""false"" Priority=""63"" SemiHidden=""false""   UnhideWhenUsed=""false"" Name=""Medium Shading 1 Accent 3""/>  <w:LsdException Locked=""false"" Priority=""64"" SemiHidden=""false""   UnhideWhenUsed=""false"" Name=""Medium Shading 2 Accent 3""/>  <w:LsdException Locked=""false"" Priority=""65"" SemiHidden=""false""   UnhideWhenUsed=""false"" Name=""Medium List 1 Accent 3""/>  <w:LsdException Locked=""false"" Priority=""66"" SemiHidden=""false""   UnhideWhenUsed=""false"" Name=""Medium List 2 Accent 3""/>  <w:LsdException Locked=""false"" Priority=""67"" SemiHidden=""false""   UnhideWhenUsed=""false"" Name=""Medium Grid 1 Accent 3""/>  <w:LsdException Locked=""false"" Priority=""68"" SemiHidden=""false""   UnhideWhenUsed=""false"" Name=""Medium Grid 2 Accent 3""/>  <w:LsdException Locked=""false"" Priority=""69"" SemiHidden=""false""   UnhideWhenUsed=""false"" Name=""Medium Grid 3 Accent 3""/>  <w:LsdException Locked=""false"" Priority=""70"" SemiHidden=""false""   UnhideWhenUsed=""false"" Name=""Dark List Accent 3""/>  <w:LsdException Locked=""false"" Priority=""71"" SemiHidden=""false""   UnhideWhenUsed=""false"" Name=""Colorful Shading Accent 3""/>  <w:LsdException Locked=""false"" Priority=""72"" SemiHidden=""false""   UnhideWhenUsed=""false"" Name=""Colorful List Accent 3""/>  <w:LsdException Locked=""false"" Priority=""73"" SemiHidden=""false""   UnhideWhenUsed=""false"" Name=""Colorful Grid Accent 3""/>  <w:LsdException Locked=""false"" Priority=""60"" SemiHidden=""false""   UnhideWhenUsed=""false"" Name=""Light Shading Accent 4""/>  <w:LsdException Locked=""false"" Priority=""61"" SemiHidden=""false""   UnhideWhenUsed=""false"" Name=""Light List Accent 4""/>  <w:LsdException Locked=""false"" Priority=""62"" SemiHidden=""false""   UnhideWhenUsed=""false"" Name=""Light Grid Accent 4""/>  <w:LsdException Locked=""false"" Priority=""63"" SemiHidden=""false""   UnhideWhenUsed=""false"" Name=""Medium Shading 1 Accent 4""/>  <w:LsdException Locked=""false"" Priority=""64"" SemiHidden=""false""   UnhideWhenUsed=""false"" Name=""Medium Shading 2 Accent 4""/>  <w:LsdException Locked=""false"" Priority=""65"" SemiHidden=""false""   UnhideWhenUsed=""false"" Name=""Medium List 1 Accent 4""/>  <w:LsdException Locked=""false"" Priority=""66"" SemiHidden=""false""   UnhideWhenUsed=""false"" Name=""Medium List 2 Accent 4""/>  <w:LsdException Locked=""false"" Priority=""67"" SemiHidden=""false""   UnhideWhenUsed=""false"" Name=""Medium Grid 1 Accent 4""/>  <w:LsdException Locked=""false"" Priority=""68"" SemiHidden=""false""   UnhideWhenUsed=""false"" Name=""Medium Grid 2 Accent 4""/>  <w:LsdException Locked=""false"" Priority=""69"" SemiHidden=""false""   UnhideWhenUsed=""false"" Name=""Medium Grid 3 Accent 4""/>  <w:LsdException Locked=""false"" Priority=""70"" SemiHidden=""false""   UnhideWhenUsed=""false"" Name=""Dark List Accent 4""/>  <w:LsdException Locked=""false"" Priority=""71"" SemiHidden=""false""   UnhideWhenUsed=""false"" Name=""Colorful Shading Accent 4""/>  <w:LsdException Locked=""false"" Priority=""72"" SemiHidden=""false""   UnhideWhenUsed=""false"" Name=""Colorful List Accent 4""/>  <w:LsdException Locked=""false"" Priority=""73"" SemiHidden=""false""   UnhideWhenUsed=""false"" Name=""Colorful Grid Accent 4""/>  <w:LsdException Locked=""false"" Priority=""60"" SemiHidden=""false""   UnhideWhenUsed=""false"" Name=""Light Shading Accent 5""/>  <w:LsdException Locked=""false"" Priority=""61"" SemiHidden=""false""   UnhideWhenUsed=""false"" Name=""Light List Accent 5""/>  <w:LsdException Locked=""false"" Priority=""62"" SemiHidden=""false""   UnhideWhenUsed=""false"" Name=""Light Grid Accent 5""/>  <w:LsdException Locked=""false"" Priority=""63"" SemiHidden=""false""   UnhideWhenUsed=""false"" Name=""Medium Shading 1 Accent 5""/>  <w:LsdException Locked=""false"" Priority=""64"" SemiHidden=""false""   UnhideWhenUsed=""false"" Name=""Medium Shading 2 Accent 5""/>  <w:LsdException Locked=""false"" Priority=""65"" SemiHidden=""false""   UnhideWhenUsed=""false"" Name=""Medium List 1 Accent 5""/>  <w:LsdException Locked=""false"" Priority=""66"" SemiHidden=""false""   UnhideWhenUsed=""false"" Name=""Medium List 2 Accent 5""/>  <w:LsdException Locked=""false"" Priority=""67"" SemiHidden=""false""   UnhideWhenUsed=""false"" Name=""Medium Grid 1 Accent 5""/>  <w:LsdException Locked=""false"" Priority=""68"" SemiHidden=""false""   UnhideWhenUsed=""false"" Name=""Medium Grid 2 Accent 5""/>  <w:LsdException Locked=""false"" Priority=""69"" SemiHidden=""false""   UnhideWhenUsed=""false"" Name=""Medium Grid 3 Accent 5""/>  <w:LsdException Locked=""false"" Priority=""70"" SemiHidden=""false""   UnhideWhenUsed=""false"" Name=""Dark List Accent 5""/>  <w:LsdException Locked=""false"" Priority=""71"" SemiHidden=""false""   UnhideWhenUsed=""false"" Name=""Colorful Shading Accent 5""/>  <w:LsdException Locked=""false"" Priority=""72"" SemiHidden=""false""   UnhideWhenUsed=""false"" Name=""Colorful List Accent 5""/>  <w:LsdException Locked=""false"" Priority=""73"" SemiHidden=""false""   UnhideWhenUsed=""false"" Name=""Colorful Grid Accent 5""/>  <w:LsdException Locked=""false"" Priority=""60"" SemiHidden=""false""   UnhideWhenUsed=""false"" Name=""Light Shading Accent 6""/>  <w:LsdException Locked=""false"" Priority=""61"" SemiHidden=""false""   UnhideWhenUsed=""false"" Name=""Light List Accent 6""/>  <w:LsdException Locked=""false"" Priority=""62"" SemiHidden=""false""   UnhideWhenUsed=""false"" Name=""Light Grid Accent 6""/>  <w:LsdException Locked=""false"" Priority=""63"" SemiHidden=""false""   UnhideWhenUsed=""false"" Name=""Medium Shading 1 Accent 6""/>  <w:LsdException Locked=""false"" Priority=""64"" SemiHidden=""false""   UnhideWhenUsed=""false"" Name=""Medium Shading 2 Accent 6""/>  <w:LsdException Locked=""false"" Priority=""65"" SemiHidden=""false""   UnhideWhenUsed=""false"" Name=""Medium List 1 Accent 6""/>  <w:LsdException Locked=""false"" Priority=""66"" SemiHidden=""false""   UnhideWhenUsed=""false"" Name=""Medium List 2 Accent 6""/>  <w:LsdException Locked=""false"" Priority=""67"" SemiHidden=""false""   UnhideWhenUsed=""false"" Name=""Medium Grid 1 Accent 6""/>  <w:LsdException Locked=""false"" Priority=""68"" SemiHidden=""false""   UnhideWhenUsed=""false"" Name=""Medium Grid 2 Accent 6""/>  <w:LsdException Locked=""false"" Priority=""69"" SemiHidden=""false""   UnhideWhenUsed=""false"" Name=""Medium Grid 3 Accent 6""/>  <w:LsdException Locked=""false"" Priority=""70"" SemiHidden=""false""   UnhideWhenUsed=""false"" Name=""Dark List Accent 6""/>  <w:LsdException Locked=""false"" Priority=""71"" SemiHidden=""false""   UnhideWhenUsed=""false"" Name=""Colorful Shading Accent 6""/>  <w:LsdException Locked=""false"" Priority=""72"" SemiHidden=""false""   UnhideWhenUsed=""false"" Name=""Colorful List Accent 6""/>  <w:LsdException Locked=""false"" Priority=""73"" SemiHidden=""false""   UnhideWhenUsed=""false"" Name=""Colorful Grid Accent 6""/>  <w:LsdException Locked=""false"" Priority=""19"" SemiHidden=""false""   UnhideWhenUsed=""false"" QFormat=""true"" Name=""Subtle Emphasis""/>  <w:LsdException Locked=""false"" Priority=""21"" SemiHidden=""false""   UnhideWhenUsed=""false"" QFormat=""true"" Name=""Intense Emphasis""/>  <w:LsdException Locked=""false"" Priority=""31"" SemiHidden=""false""   UnhideWhenUsed=""false"" QFormat=""true"" Name=""Subtle Reference""/>  <w:LsdException Locked=""false"" Priority=""32"" SemiHidden=""false""   UnhideWhenUsed=""false"" QFormat=""true"" Name=""Intense Reference""/>  <w:LsdException Locked=""false"" Priority=""33"" SemiHidden=""false""   UnhideWhenUsed=""false"" QFormat=""true"" Name=""Book Title""/>  <w:LsdException Locked=""false"" Priority=""37"" Name=""Bibliography""/>  <w:LsdException Locked=""false"" Priority=""39"" QFormat=""true"" Name=""TOC Heading""/> </w:LatentStyles></xml><![endif]--><!-- [if gte mso 10]><style> /* Style Definitions */ table.MsoNormalTable	{mso-style-name:""Table Normal"";	mso-tstyle-rowband-size:0;	mso-tstyle-colband-size:0;	mso-style-noshow:yes;	mso-style-priority:99;	mso-style-parent:"""";	mso-padding-alt:0cm 5.4pt 0cm 5.4pt;	mso-para-margin-top:0cm;	mso-para-margin-right:0cm;	mso-para-margin-bottom:10.0pt;	mso-para-margin-left:0cm;	line-height:115%;	mso-pagination:widow-orphan;	font-size:14.0pt;	mso-bidi-font-size:11.0pt;	font-family:""Calibri"",""sans-serif"";	mso-ascii-font-family:Calibri;	mso-ascii-theme-font:minor-latin;	mso-hansi-font-family:Calibri;	mso-hansi-theme-font:minor-latin;	mso-bidi-font-family:""Times New Roman"";	mso-bidi-theme-font:minor-bidi;	mso-fareast-language:EN-US;}</style><![endif]-->",,Okada_Riders.jpg,99972,500,Micro Sponsorship Packages,25%,2,13,6,dfsdfsdfs312132132vfff,1,1,daily,0.6,0.0012,0.0012,25,15,395,1,2020-01-03 16:17
13,3edd3fc0f5202fdb0e18db367a340734, Term Package,"<p>This is an investment package targeted at investors&nbsp;that can save their investments over a period of 24months. In this<br />package, a slot of the package shall sell for 25,000 Naira, such that the investor<br />invests a sum of 25,000 Naira, leaves the investment for a further<br />24 months for a return of 200 percent of investment capital.</p><p>&nbsp;</p><p>&nbsp;</p><p>&nbsp;</p><p>&nbsp;</p><p>&nbsp;</p><p>&nbsp;</p><p>&nbsp;</p><p><strong>Features.</strong></p><p>&nbsp;</p><p>&nbsp;</p><p>&nbsp;</p><p><br /><br /></p><p>&nbsp;</p><p><br /><br /><br /></p><p><br /><br /></p><ul><ul><li>Capital will we refunded</li></ul></ul><p><br /><br /></p><p><br /><br /><br /></p><p>&nbsp;</p><p>&nbsp;</p><p>&nbsp;</p><p><br /><br /><br /></p><p><br /><br /></p><ul><ul><li>Investment slot is 25,000 Naira or equivalence.</li></ul></ul><p><br /><br /></p><p><br /><br /><br /></p><p>&nbsp;</p><p>&nbsp;</p><p>&nbsp;</p><p><br /><br /><br /></p><p><br /><br /></p><ul><ul><li>Maturity tenure of 24 months.</li></ul></ul><p><br /><br /></p><p><br /><br /><br /></p><p>&nbsp;</p><p>&nbsp;</p><p>&nbsp;</p><p><br /><br /><br /></p><p><br /><br /></p><ul><ul><li>Up to 200% ROI on maturity</li></ul></ul><p><br /><br /></p><p><br /><br /><br /></p><p>&nbsp;</p><p>&nbsp;</p><p>&nbsp;</p><p><br /><br /><br /></p><p><br /><br /></p><ul><ul><li>An investor may have multiple plans</li></ul></ul><p><br /><br /></p><p><br /><br /><br /></p><p>&nbsp;</p><p>&nbsp;</p><p>&nbsp;</p><p><br /><br /><br /></p><p><br /><br /></p><ul><ul><li>Plan can run concurrently with other investment plans.</li></ul></ul><p><br /><br /></p><p><br /><br /><br /></p><p>&nbsp;</p><p>&nbsp;</p><p>&nbsp;</p><p><br /><br /><br /></p><p><br /><br /></p><ul><ul><li>Monitor investment from your mobile.</li></ul></ul><p><br /><br /></p><p><br /><br /><br /></p><p>&nbsp;</p><p>&nbsp;</p><p>&nbsp;</p><p><br /><br /><br /></p><p><br /><br /></p><ul><ul><li>Premature termination of investment results in 20% loss of balance.</li></ul></ul><p><br /><br /></p><p><br /><br /><br /></p><p>&nbsp;</p><p><br /><br /></p><p>&nbsp;</p><p>&nbsp;</p><p>&nbsp;</p><p><strong>Eligibility.</strong><br />This package is opened to anyone.</p>",,farmininin.jpg,0,25000,Civilian Investments,200%,2,24,6,dfsdfsdfs312132132vfff,1,0,monthly,68.5,0.00274,0,200,20,730,0,2020-01-03 16:24
14,3edd3fc0f5202fdb0e18db367a340735, Maestro,"<p>Description<br />The Maestro Package is made for those who are about to go into retirement. It is a contributory package in which the person contributes his investments over a period (Max 5 years) for a continuous return on investment for a period of up to 20 years. The investor can set his target monthly Pay, contribution amount or time frame as it suits him. It is a highly flexible package that can be made to suit individual&rsquo;s needs. The investor may decide how much he wishes to contribute monthly over a certain period, otherwise, he may decide how much he wishes to receive and how often he wishes to from his investments and for how long.<br /><br /><span style=""color: #333333; font-family: 'Nunito Sans', sans-serif;"">Features:<br /></span><br />1. Easy to setup.<br />2. Investment is a contributory investment package.<br />3. Minimum contribution as low as 25,000 Naira or equivalence.<br />4. Contributory term from 0 - 12 months.<br />5. Maturity tenure of 36 months.<br />6. Investor may make investment at once without contribution, thus reducing maturity tenure to 24 months.<br />7. Monthly pay to 420% of your monthly contribution for 20 years.<br />8. Investor must be consistent not to default in monthly contribution.<br />9. Investment reverts to Standard automatically if client defaults. <br />10. An investor may have multiple plans.<br />11. Plan can run concurrently with other investment plans.<br />12. Monitor investment from your mobile.<br />13. Premature termination of investment during contributory phase results in 15% loss of balance.<br />14. Termination after Contributory phase attracts no penalty.<br />15. Get huge reward for referring others.<br /><br />Only few slots available.<br /><br />Eligibility: This package is opened to anyone.</p>",,FARMERS-THIKA.jpg,0,NULL,Civilian Investments,0%,2,10000,6,dfsdfsdfs312132132vfff,1,1,monthly,NULL,0.0011,0.0011,0,15,183,1,2020-01-03 16:30
15,3edd3fc0f5202fdb0e18db367a340736, Starter Package 2,"<p>Description.&nbsp;&nbsp;&nbsp;<br />This is an investment package for the Military targeted at investors who can save their investments over a period of 24months. In this package, the investor buys a slot for a minimum of 25,000 Naira only, leaves the investment for a further 24 months for a return of 220% of investment capital.</p><p>&nbsp;</p><p><br />Features:<br />1. Maturity tenure of 24 months.&nbsp;<br />2. Up to 220% ROI on maturity.&nbsp;<br />3. An investor may have multiple plans.&nbsp;<br />10. The plan can run concurrently with other investment plans.&nbsp; &nbsp; &nbsp;&nbsp;<br />11. Monitor investment from your mobile.&nbsp;<br />12. Premature termination of investment results in 20% loss of capital.&nbsp;<br />13. Get a reward for referring others.<br /><br />Only few slots available.</p>",,Mil Starter.png,0,25000,Military Investments,220%,2,24,6,dfsdfsdfs312132132vfff,1,0,monthly,75.34,0.00301,0,220,15,0,0,2020-01-03 16:37
16,3edd3fc0f5202fdb0e18db367a340737, Basal Plans - 180,"<p><!-- [if gte mso 9]><xml> <o:OfficeDocumentSettings>  <o:AllowPNG/> </o:OfficeDocumentSettings></xml><![endif]--><!-- [if gte mso 9]><xml> <w:WordDocument>  <w:View>Normal</w:View>  <w:Zoom>0</w:Zoom>  <w:TrackMoves/>  <w:TrackFormatting/>  <w:PunctuationKerning/>  <w:ValidateAgainstSchemas/>  <w:SaveIfXMLInvalid>false</w:SaveIfXMLInvalid>  <w:IgnoreMixedContent>false</w:IgnoreMixedContent>  <w:AlwaysShowPlaceholderText>false</w:AlwaysShowPlaceholderText>  <w:DoNotPromoteQF/>  <w:LidThemeOther>EN-GB</w:LidThemeOther>  <w:LidThemeAsian>X-NONE</w:LidThemeAsian>  <w:LidThemeComplexScript>X-NONE</w:LidThemeComplexScript>  <w:Compatibility>   <w:BreakWrappedTables/>   <w:SnapToGridInCell/>   <w:WrapTextWithPunct/>   <w:UseAsianBreakRules/>   <w:DontGrowAutofit/>   <w:SplitPgBreakAndParaMark/>   <w:EnableOpenTypeKerning/>   <w:DontFlipMirrorIndents/>   <w:OverrideTableStyleHps/>  </w:Compatibility>  <m:mathPr>   <m:mathFont m:val=""Cambria Math""/>   <m:brkBin m:val=""before""/>   <m:brkBinSub m:val=""&#45;-""/>   <m:smallFrac m:val=""off""/>   <m:dispDef/>   <m:lMargin m:val=""0""/>   <m:rMargin m:val=""0""/>   <m:defJc m:val=""centerGroup""/>   <m:wrapIndent m:val=""1440""/>   <m:intLim m:val=""subSup""/>   <m:naryLim m:val=""undOvr""/>  </m:mathPr></w:WordDocument></xml><![endif]--><!-- [if gte mso 9]><xml> <w:LatentStyles DefLockedState=""false"" DefUnhideWhenUsed=""true""  DefSemiHidden=""true"" DefQFormat=""false"" DefPriority=""99""  LatentStyleCount=""267"">  <w:LsdException Locked=""false"" Priority=""0"" SemiHidden=""false""   UnhideWhenUsed=""false"" QFormat=""true"" Name=""Normal""/>  <w:LsdException Locked=""false"" Priority=""9"" SemiHidden=""false""   UnhideWhenUsed=""false"" QFormat=""true"" Name=""heading 1""/>  <w:LsdException Locked=""false"" Priority=""9"" QFormat=""true"" Name=""heading 2""/>  <w:LsdException Locked=""false"" Priority=""9"" QFormat=""true"" Name=""heading 3""/>  <w:LsdException Locked=""false"" Priority=""9"" QFormat=""true"" Name=""heading 4""/>  <w:LsdException Locked=""false"" Priority=""9"" QFormat=""true"" Name=""heading 5""/>  <w:LsdException Locked=""false"" Priority=""9"" QFormat=""true"" Name=""heading 6""/>  <w:LsdException Locked=""false"" Priority=""9"" QFormat=""true"" Name=""heading 7""/>  <w:LsdException Locked=""false"" Priority=""9"" QFormat=""true"" Name=""heading 8""/>  <w:LsdException Locked=""false"" Priority=""9"" QFormat=""true"" Name=""heading 9""/>  <w:LsdException Locked=""false"" Priority=""39"" Name=""toc 1""/>  <w:LsdException Locked=""false"" Priority=""39"" Name=""toc 2""/>  <w:LsdException Locked=""false"" Priority=""39"" Name=""toc 3""/>  <w:LsdException Locked=""false"" Priority=""39"" Name=""toc 4""/>  <w:LsdException Locked=""false"" Priority=""39"" Name=""toc 5""/>  <w:LsdException Locked=""false"" Priority=""39"" Name=""toc 6""/>  <w:LsdException Locked=""false"" Priority=""39"" Name=""toc 7""/>  <w:LsdException Locked=""false"" Priority=""39"" Name=""toc 8""/>  <w:LsdException Locked=""false"" Priority=""39"" Name=""toc 9""/>  <w:LsdException Locked=""false"" Priority=""35"" QFormat=""true"" Name=""caption""/>  <w:LsdException Locked=""false"" Priority=""10"" SemiHidden=""false""   UnhideWhenUsed=""false"" QFormat=""true"" Name=""Title""/>  <w:LsdException Locked=""false"" Priority=""1"" Name=""Default Paragraph Font""/>  <w:LsdException Locked=""false"" Priority=""11"" SemiHidden=""false""   UnhideWhenUsed=""false"" QFormat=""true"" Name=""Subtitle""/>  <w:LsdException Locked=""false"" Priority=""22"" SemiHidden=""false""   UnhideWhenUsed=""false"" QFormat=""true"" Name=""Strong""/>  <w:LsdException Locked=""false"" Priority=""20"" SemiHidden=""false""   UnhideWhenUsed=""false"" QFormat=""true"" Name=""Emphasis""/>  <w:LsdException Locked=""false"" Priority=""59"" SemiHidden=""false""   UnhideWhenUsed=""false"" Name=""Table Grid""/>  <w:LsdException Locked=""false"" UnhideWhenUsed=""false"" Name=""Placeholder Text""/>  <w:LsdException Locked=""false"" Priority=""1"" SemiHidden=""false""   UnhideWhenUsed=""false"" QFormat=""true"" Name=""No Spacing""/>  <w:LsdException Locked=""false"" Priority=""60"" SemiHidden=""false""   UnhideWhenUsed=""false"" Name=""Light Shading""/>  <w:LsdException Locked=""false"" Priority=""61"" SemiHidden=""false""   UnhideWhenUsed=""false"" Name=""Light List""/>  <w:LsdException Locked=""false"" Priority=""62"" SemiHidden=""false""   UnhideWhenUsed=""false"" Name=""Light Grid""/>  <w:LsdException Locked=""false"" Priority=""63"" SemiHidden=""false""   UnhideWhenUsed=""false"" Name=""Medium Shading 1""/>  <w:LsdException Locked=""false"" Priority=""64"" SemiHidden=""false""   UnhideWhenUsed=""false"" Name=""Medium Shading 2""/>  <w:LsdException Locked=""false"" Priority=""65"" SemiHidden=""false""   UnhideWhenUsed=""false"" Name=""Medium List 1""/>  <w:LsdException Locked=""false"" Priority=""66"" SemiHidden=""false""   UnhideWhenUsed=""false"" Name=""Medium List 2""/>  <w:LsdException Locked=""false"" Priority=""67"" SemiHidden=""false""   UnhideWhenUsed=""false"" Name=""Medium Grid 1""/>  <w:LsdException Locked=""false"" Priority=""68"" SemiHidden=""false""   UnhideWhenUsed=""false"" Name=""Medium Grid 2""/>  <w:LsdException Locked=""false"" Priority=""69"" SemiHidden=""false""   UnhideWhenUsed=""false"" Name=""Medium Grid 3""/>  <w:LsdException Locked=""false"" Priority=""70"" SemiHidden=""false""   UnhideWhenUsed=""false"" Name=""Dark List""/>  <w:LsdException Locked=""false"" Priority=""71"" SemiHidden=""false""   UnhideWhenUsed=""false"" Name=""Colorful Shading""/>  <w:LsdException Locked=""false"" Priority=""72"" SemiHidden=""false""   UnhideWhenUsed=""false"" Name=""Colorful List""/>  <w:LsdException Locked=""false"" Priority=""73"" SemiHidden=""false""   UnhideWhenUsed=""false"" Name=""Colorful Grid""/>  <w:LsdException Locked=""false"" Priority=""60"" SemiHidden=""false""   UnhideWhenUsed=""false"" Name=""Light Shading Accent 1""/>  <w:LsdException Locked=""false"" Priority=""61"" SemiHidden=""false""   UnhideWhenUsed=""false"" Name=""Light List Accent 1""/>  <w:LsdException Locked=""false"" Priority=""62"" SemiHidden=""false""   UnhideWhenUsed=""false"" Name=""Light Grid Accent 1""/>  <w:LsdException Locked=""false"" Priority=""63"" SemiHidden=""false""   UnhideWhenUsed=""false"" Name=""Medium Shading 1 Accent 1""/>  <w:LsdException Locked=""false"" Priority=""64"" SemiHidden=""false""   UnhideWhenUsed=""false"" Name=""Medium Shading 2 Accent 1""/>  <w:LsdException Locked=""false"" Priority=""65"" SemiHidden=""false""   UnhideWhenUsed=""false"" Name=""Medium List 1 Accent 1""/>  <w:LsdException Locked=""false"" UnhideWhenUsed=""false"" Name=""Revision""/>  <w:LsdException Locked=""false"" Priority=""34"" SemiHidden=""false""   UnhideWhenUsed=""false"" QFormat=""true"" Name=""List Paragraph""/>  <w:LsdException Locked=""false"" Priority=""29"" SemiHidden=""false""   UnhideWhenUsed=""false"" QFormat=""true"" Name=""Quote""/>  <w:LsdException Locked=""false"" Priority=""30"" SemiHidden=""false""   UnhideWhenUsed=""false"" QFormat=""true"" Name=""Intense Quote""/>  <w:LsdException Locked=""false"" Priority=""66"" SemiHidden=""false""   UnhideWhenUsed=""false"" Name=""Medium List 2 Accent 1""/>  <w:LsdException Locked=""false"" Priority=""67"" SemiHidden=""false""   UnhideWhenUsed=""false"" Name=""Medium Grid 1 Accent 1""/>  <w:LsdException Locked=""false"" Priority=""68"" SemiHidden=""false""   UnhideWhenUsed=""false"" Name=""Medium Grid 2 Accent 1""/>  <w:LsdException Locked=""false"" Priority=""69"" SemiHidden=""false""   UnhideWhenUsed=""false"" Name=""Medium Grid 3 Accent 1""/>  <w:LsdException Locked=""false"" Priority=""70"" SemiHidden=""false""   UnhideWhenUsed=""false"" Name=""Dark List Accent 1""/>  <w:LsdException Locked=""false"" Priority=""71"" SemiHidden=""false""   UnhideWhenUsed=""false"" Name=""Colorful Shading Accent 1""/>  <w:LsdException Locked=""false"" Priority=""72"" SemiHidden=""false""   UnhideWhenUsed=""false"" Name=""Colorful List Accent 1""/>  <w:LsdException Locked=""false"" Priority=""73"" SemiHidden=""false""   UnhideWhenUsed=""false"" Name=""Colorful Grid Accent 1""/>  <w:LsdException Locked=""false"" Priority=""60"" SemiHidden=""false""   UnhideWhenUsed=""false"" Name=""Light Shading Accent 2""/>  <w:LsdException Locked=""false"" Priority=""61"" SemiHidden=""false""   UnhideWhenUsed=""false"" Name=""Light List Accent 2""/>  <w:LsdException Locked=""false"" Priority=""62"" SemiHidden=""false""   UnhideWhenUsed=""false"" Name=""Light Grid Accent 2""/>  <w:LsdException Locked=""false"" Priority=""63"" SemiHidden=""false""   UnhideWhenUsed=""false"" Name=""Medium Shading 1 Accent 2""/>  <w:LsdException Locked=""false"" Priority=""64"" SemiHidden=""false""   UnhideWhenUsed=""false"" Name=""Medium Shading 2 Accent 2""/>  <w:LsdException Locked=""false"" Priority=""65"" SemiHidden=""false""   UnhideWhenUsed=""false"" Name=""Medium List 1 Accent 2""/>  <w:LsdException Locked=""false"" Priority=""66"" SemiHidden=""false""   UnhideWhenUsed=""false"" Name=""Medium List 2 Accent 2""/>  <w:LsdException Locked=""false"" Priority=""67"" SemiHidden=""false""   UnhideWhenUsed=""false"" Name=""Medium Grid 1 Accent 2""/>  <w:LsdException Locked=""false"" Priority=""68"" SemiHidden=""false""   UnhideWhenUsed=""false"" Name=""Medium Grid 2 Accent 2""/>  <w:LsdException Locked=""false"" Priority=""69"" SemiHidden=""false""   UnhideWhenUsed=""false"" Name=""Medium Grid 3 Accent 2""/>  <w:LsdException Locked=""false"" Priority=""70"" SemiHidden=""false""   UnhideWhenUsed=""false"" Name=""Dark List Accent 2""/>  <w:LsdException Locked=""false"" Priority=""71"" SemiHidden=""false""   UnhideWhenUsed=""false"" Name=""Colorful Shading Accent 2""/>  <w:LsdException Locked=""false"" Priority=""72"" SemiHidden=""false""   UnhideWhenUsed=""false"" Name=""Colorful List Accent 2""/>  <w:LsdException Locked=""false"" Priority=""73"" SemiHidden=""false""   UnhideWhenUsed=""false"" Name=""Colorful Grid Accent 2""/>  <w:LsdException Locked=""false"" Priority=""60"" SemiHidden=""false""   UnhideWhenUsed=""false"" Name=""Light Shading Accent 3""/>  <w:LsdException Locked=""false"" Priority=""61"" SemiHidden=""false""   UnhideWhenUsed=""false"" Name=""Light List Accent 3""/>  <w:LsdException Locked=""false"" Priority=""62"" SemiHidden=""false""   UnhideWhenUsed=""false"" Name=""Light Grid Accent 3""/>  <w:LsdException Locked=""false"" Priority=""63"" SemiHidden=""false""   UnhideWhenUsed=""false"" Name=""Medium Shading 1 Accent 3""/>  <w:LsdException Locked=""false"" Priority=""64"" SemiHidden=""false""   UnhideWhenUsed=""false"" Name=""Medium Shading 2 Accent 3""/>  <w:LsdException Locked=""false"" Priority=""65"" SemiHidden=""false""   UnhideWhenUsed=""false"" Name=""Medium List 1 Accent 3""/>  <w:LsdException Locked=""false"" Priority=""66"" SemiHidden=""false""   UnhideWhenUsed=""false"" Name=""Medium List 2 Accent 3""/>  <w:LsdException Locked=""false"" Priority=""67"" SemiHidden=""false""   UnhideWhenUsed=""false"" Name=""Medium Grid 1 Accent 3""/>  <w:LsdException Locked=""false"" Priority=""68"" SemiHidden=""false""   UnhideWhenUsed=""false"" Name=""Medium Grid 2 Accent 3""/>  <w:LsdException Locked=""false"" Priority=""69"" SemiHidden=""false""   UnhideWhenUsed=""false"" Name=""Medium Grid 3 Accent 3""/>  <w:LsdException Locked=""false"" Priority=""70"" SemiHidden=""false""   UnhideWhenUsed=""false"" Name=""Dark List Accent 3""/>  <w:LsdException Locked=""false"" Priority=""71"" SemiHidden=""false""   UnhideWhenUsed=""false"" Name=""Colorful Shading Accent 3""/>  <w:LsdException Locked=""false"" Priority=""72"" SemiHidden=""false""   UnhideWhenUsed=""false"" Name=""Colorful List Accent 3""/>  <w:LsdException Locked=""false"" Priority=""73"" SemiHidden=""false""   UnhideWhenUsed=""false"" Name=""Colorful Grid Accent 3""/>  <w:LsdException Locked=""false"" Priority=""60"" SemiHidden=""false""   UnhideWhenUsed=""false"" Name=""Light Shading Accent 4""/>  <w:LsdException Locked=""false"" Priority=""61"" SemiHidden=""false""   UnhideWhenUsed=""false"" Name=""Light List Accent 4""/>  <w:LsdException Locked=""false"" Priority=""62"" SemiHidden=""false""   UnhideWhenUsed=""false"" Name=""Light Grid Accent 4""/>  <w:LsdException Locked=""false"" Priority=""63"" SemiHidden=""false""   UnhideWhenUsed=""false"" Name=""Medium Shading 1 Accent 4""/>  <w:LsdException Locked=""false"" Priority=""64"" SemiHidden=""false""   UnhideWhenUsed=""false"" Name=""Medium Shading 2 Accent 4""/>  <w:LsdException Locked=""false"" Priority=""65"" SemiHidden=""false""   UnhideWhenUsed=""false"" Name=""Medium List 1 Accent 4""/>  <w:LsdException Locked=""false"" Priority=""66"" SemiHidden=""false""   UnhideWhenUsed=""false"" Name=""Medium List 2 Accent 4""/>  <w:LsdException Locked=""false"" Priority=""67"" SemiHidden=""false""   UnhideWhenUsed=""false"" Name=""Medium Grid 1 Accent 4""/>  <w:LsdException Locked=""false"" Priority=""68"" SemiHidden=""false""   UnhideWhenUsed=""false"" Name=""Medium Grid 2 Accent 4""/>  <w:LsdException Locked=""false"" Priority=""69"" SemiHidden=""false""   UnhideWhenUsed=""false"" Name=""Medium Grid 3 Accent 4""/>  <w:LsdException Locked=""false"" Priority=""70"" SemiHidden=""false""   UnhideWhenUsed=""false"" Name=""Dark List Accent 4""/>  <w:LsdException Locked=""false"" Priority=""71"" SemiHidden=""false""   UnhideWhenUsed=""false"" Name=""Colorful Shading Accent 4""/>  <w:LsdException Locked=""false"" Priority=""72"" SemiHidden=""false""   UnhideWhenUsed=""false"" Name=""Colorful List Accent 4""/>  <w:LsdException Locked=""false"" Priority=""73"" SemiHidden=""false""   UnhideWhenUsed=""false"" Name=""Colorful Grid Accent 4""/>  <w:LsdException Locked=""false"" Priority=""60"" SemiHidden=""false""   UnhideWhenUsed=""false"" Name=""Light Shading Accent 5""/>  <w:LsdException Locked=""false"" Priority=""61"" SemiHidden=""false""   UnhideWhenUsed=""false"" Name=""Light List Accent 5""/>  <w:LsdException Locked=""false"" Priority=""62"" SemiHidden=""false""   UnhideWhenUsed=""false"" Name=""Light Grid Accent 5""/>  <w:LsdException Locked=""false"" Priority=""63"" SemiHidden=""false""   UnhideWhenUsed=""false"" Name=""Medium Shading 1 Accent 5""/>  <w:LsdException Locked=""false"" Priority=""64"" SemiHidden=""false""   UnhideWhenUsed=""false"" Name=""Medium Shading 2 Accent 5""/>  <w:LsdException Locked=""false"" Priority=""65"" SemiHidden=""false""   UnhideWhenUsed=""false"" Name=""Medium List 1 Accent 5""/>  <w:LsdException Locked=""false"" Priority=""66"" SemiHidden=""false""   UnhideWhenUsed=""false"" Name=""Medium List 2 Accent 5""/>  <w:LsdException Locked=""false"" Priority=""67"" SemiHidden=""false""   UnhideWhenUsed=""false"" Name=""Medium Grid 1 Accent 5""/>  <w:LsdException Locked=""false"" Priority=""68"" SemiHidden=""false""   UnhideWhenUsed=""false"" Name=""Medium Grid 2 Accent 5""/>  <w:LsdException Locked=""false"" Priority=""69"" SemiHidden=""false""   UnhideWhenUsed=""false"" Name=""Medium Grid 3 Accent 5""/>  <w:LsdException Locked=""false"" Priority=""70"" SemiHidden=""false""   UnhideWhenUsed=""false"" Name=""Dark List Accent 5""/>  <w:LsdException Locked=""false"" Priority=""71"" SemiHidden=""false""   UnhideWhenUsed=""false"" Name=""Colorful Shading Accent 5""/>  <w:LsdException Locked=""false"" Priority=""72"" SemiHidden=""false""   UnhideWhenUsed=""false"" Name=""Colorful List Accent 5""/>  <w:LsdException Locked=""false"" Priority=""73"" SemiHidden=""false""   UnhideWhenUsed=""false"" Name=""Colorful Grid Accent 5""/>  <w:LsdException Locked=""false"" Priority=""60"" SemiHidden=""false""   UnhideWhenUsed=""false"" Name=""Light Shading Accent 6""/>  <w:LsdException Locked=""false"" Priority=""61"" SemiHidden=""false""   UnhideWhenUsed=""false"" Name=""Light List Accent 6""/>  <w:LsdException Locked=""false"" Priority=""62"" SemiHidden=""false""   UnhideWhenUsed=""false"" Name=""Light Grid Accent 6""/>  <w:LsdException Locked=""false"" Priority=""63"" SemiHidden=""false""   UnhideWhenUsed=""false"" Name=""Medium Shading 1 Accent 6""/>  <w:LsdException Locked=""false"" Priority=""64"" SemiHidden=""false""   UnhideWhenUsed=""false"" Name=""Medium Shading 2 Accent 6""/>  <w:LsdException Locked=""false"" Priority=""65"" SemiHidden=""false""   UnhideWhenUsed=""false"" Name=""Medium List 1 Accent 6""/>  <w:LsdException Locked=""false"" Priority=""66"" SemiHidden=""false""   UnhideWhenUsed=""false"" Name=""Medium List 2 Accent 6""/>  <w:LsdException Locked=""false"" Priority=""67"" SemiHidden=""false""   UnhideWhenUsed=""false"" Name=""Medium Grid 1 Accent 6""/>  <w:LsdException Locked=""false"" Priority=""68"" SemiHidden=""false""   UnhideWhenUsed=""false"" Name=""Medium Grid 2 Accent 6""/>  <w:LsdException Locked=""false"" Priority=""69"" SemiHidden=""false""   UnhideWhenUsed=""false"" Name=""Medium Grid 3 Accent 6""/>  <w:LsdException Locked=""false"" Priority=""70"" SemiHidden=""false""   UnhideWhenUsed=""false"" Name=""Dark List Accent 6""/>  <w:LsdException Locked=""false"" Priority=""71"" SemiHidden=""false""   UnhideWhenUsed=""false"" Name=""Colorful Shading Accent 6""/>  <w:LsdException Locked=""false"" Priority=""72"" SemiHidden=""false""   UnhideWhenUsed=""false"" Name=""Colorful List Accent 6""/>  <w:LsdException Locked=""false"" Priority=""73"" SemiHidden=""false""   UnhideWhenUsed=""false"" Name=""Colorful Grid Accent 6""/>  <w:LsdException Locked=""false"" Priority=""19"" SemiHidden=""false""   UnhideWhenUsed=""false"" QFormat=""true"" Name=""Subtle Emphasis""/>  <w:LsdException Locked=""false"" Priority=""21"" SemiHidden=""false""   UnhideWhenUsed=""false"" QFormat=""true"" Name=""Intense Emphasis""/>  <w:LsdException Locked=""false"" Priority=""31"" SemiHidden=""false""   UnhideWhenUsed=""false"" QFormat=""true"" Name=""Subtle Reference""/>  <w:LsdException Locked=""false"" Priority=""32"" SemiHidden=""false""   UnhideWhenUsed=""false"" QFormat=""true"" Name=""Intense Reference""/>  <w:LsdException Locked=""false"" Priority=""33"" SemiHidden=""false""   UnhideWhenUsed=""false"" QFormat=""true"" Name=""Book Title""/>  <w:LsdException Locked=""false"" Priority=""37"" Name=""Bibliography""/>  <w:LsdException Locked=""false"" Priority=""39"" QFormat=""true"" Name=""TOC Heading""/> </w:LatentStyles></xml><![endif]--><!-- [if gte mso 10]><style> /* Style Definitions */ table.MsoNormalTable	{mso-style-name:""Table Normal"";	mso-tstyle-rowband-size:0;	mso-tstyle-colband-size:0;	mso-style-noshow:yes;	mso-style-priority:99;	mso-style-parent:"""";	mso-padding-alt:0cm 5.4pt 0cm 5.4pt;	mso-para-margin-top:0cm;	mso-para-margin-right:0cm;	mso-para-margin-bottom:10.0pt;	mso-para-margin-left:0cm;	line-height:115%;	mso-pagination:widow-orphan;	font-size:14.0pt;	mso-bidi-font-size:11.0pt;	font-family:""Calibri"",""sans-serif"";	mso-ascii-font-family:Calibri;	mso-ascii-theme-font:minor-latin;	mso-hansi-font-family:Calibri;	mso-hansi-theme-font:minor-latin;	mso-bidi-font-family:""Times New Roman"";	mso-bidi-theme-font:minor-bidi;	mso-fareast-language:EN-US;}</style><![endif]--></p><p>Description:<br />The basal package is an affordable contributory package that allows sponsorship with as low as 500 Naira only per day. The package allows for daily contribution for a year (365 days).&nbsp; Like other contributory packages, this package has the contribution phase of one year and the incubation phase of One month.&nbsp; During the contributory phase, the Sponsor continues to contribute 500 Naira daily to his portfolio he may also chose to do it weekly or fortnightly (It is better to pay ahead). The profit calculation will only be based on contribution balance. Please note that during the contribution phase, the sponsor may still liquidate his package at a surcharge of 15% of balance.</p><p style=""margin: 0cm; margin-bottom: .0001pt;""><span style=""font-family: 'Arial','sans-serif'; color: #333333;"">Features:<br /></span>Easy to setup.</p><p style=""margin: 0cm; margin-bottom: .0001pt;"">11% <span style=""mso-spacerun: yes;"">&nbsp;</span>Return on Investment in 6 Months.<br />Contributory Sponsorship Package.<br />Minimum contribution as low as 500 Naira daily. <br />Contributory term of 6 months.<br />Maturity tenure of 6 months. <br />To maximize profit, Sponsors are implored to be consistent in daily contributions.</p><p style=""margin: 0cm; margin-bottom: .0001pt;"">Plan can run concurrently with other plans.</p><p style=""margin: 0cm; margin-bottom: .0001pt;"">Monitor your packages from your mobile. <br />Premature termination results in 15% loss of balance.&nbsp; <br />Termination after Contributory phase attracts no penalty.&nbsp;</p><p style=""margin: 0cm; margin-bottom: .0001pt;"">Get huge reward for referring others. <br />Life insurance worth of the total contribution made.&nbsp; &nbsp; &nbsp; &nbsp;<br />Accident insurance of up to 10% of contribution target.&nbsp;&nbsp;</p><p style=""margin: 0cm; margin-bottom: .0001pt;"">&nbsp;</p><p style=""margin: 0cm; margin-bottom: .0001pt;"">Please click here to download brochure for this package.</p><p style=""margin: 0cm; margin-bottom: .0001pt;"">Please click here to download the profit spread sheet for this package.</p>",,91+EjTxOYuL._SX355_.jpg,99969,500,Micro Sponsorship Packages,11%,2,10000,6,dfsdfsdfs312132132vfff,1,1,daily,NULL,0.0012,0.0012,11,15,0,0,2020-01-03 16:44
17,3edd3fc0f5202fdb0e18db367a340738, Basal Plans - 90,"<p><!-- [if gte mso 9]><xml> <o:OfficeDocumentSettings>  <o:AllowPNG/> </o:OfficeDocumentSettings></xml><![endif]--><!-- [if gte mso 9]><xml> <w:WordDocument>  <w:View>Normal</w:View>  <w:Zoom>0</w:Zoom>  <w:TrackMoves/>  <w:TrackFormatting/>  <w:PunctuationKerning/>  <w:ValidateAgainstSchemas/>  <w:SaveIfXMLInvalid>false</w:SaveIfXMLInvalid>  <w:IgnoreMixedContent>false</w:IgnoreMixedContent>  <w:AlwaysShowPlaceholderText>false</w:AlwaysShowPlaceholderText>  <w:DoNotPromoteQF/>  <w:LidThemeOther>EN-GB</w:LidThemeOther>  <w:LidThemeAsian>X-NONE</w:LidThemeAsian>  <w:LidThemeComplexScript>X-NONE</w:LidThemeComplexScript>  <w:Compatibility>   <w:BreakWrappedTables/>   <w:SnapToGridInCell/>   <w:WrapTextWithPunct/>   <w:UseAsianBreakRules/>   <w:DontGrowAutofit/>   <w:SplitPgBreakAndParaMark/>   <w:EnableOpenTypeKerning/>   <w:DontFlipMirrorIndents/>   <w:OverrideTableStyleHps/>  </w:Compatibility>  <m:mathPr>   <m:mathFont m:val=""Cambria Math""/>   <m:brkBin m:val=""before""/>   <m:brkBinSub m:val=""&#45;-""/>   <m:smallFrac m:val=""off""/>   <m:dispDef/>   <m:lMargin m:val=""0""/>   <m:rMargin m:val=""0""/>   <m:defJc m:val=""centerGroup""/>   <m:wrapIndent m:val=""1440""/>   <m:intLim m:val=""subSup""/>   <m:naryLim m:val=""undOvr""/>  </m:mathPr></w:WordDocument></xml><![endif]--><!-- [if gte mso 9]><xml> <w:LatentStyles DefLockedState=""false"" DefUnhideWhenUsed=""true""  DefSemiHidden=""true"" DefQFormat=""false"" DefPriority=""99""  LatentStyleCount=""267"">  <w:LsdException Locked=""false"" Priority=""0"" SemiHidden=""false""   UnhideWhenUsed=""false"" QFormat=""true"" Name=""Normal""/>  <w:LsdException Locked=""false"" Priority=""9"" SemiHidden=""false""   UnhideWhenUsed=""false"" QFormat=""true"" Name=""heading 1""/>  <w:LsdException Locked=""false"" Priority=""9"" QFormat=""true"" Name=""heading 2""/>  <w:LsdException Locked=""false"" Priority=""9"" QFormat=""true"" Name=""heading 3""/>  <w:LsdException Locked=""false"" Priority=""9"" QFormat=""true"" Name=""heading 4""/>  <w:LsdException Locked=""false"" Priority=""9"" QFormat=""true"" Name=""heading 5""/>  <w:LsdException Locked=""false"" Priority=""9"" QFormat=""true"" Name=""heading 6""/>  <w:LsdException Locked=""false"" Priority=""9"" QFormat=""true"" Name=""heading 7""/>  <w:LsdException Locked=""false"" Priority=""9"" QFormat=""true"" Name=""heading 8""/>  <w:LsdException Locked=""false"" Priority=""9"" QFormat=""true"" Name=""heading 9""/>  <w:LsdException Locked=""false"" Priority=""39"" Name=""toc 1""/>  <w:LsdException Locked=""false"" Priority=""39"" Name=""toc 2""/>  <w:LsdException Locked=""false"" Priority=""39"" Name=""toc 3""/>  <w:LsdException Locked=""false"" Priority=""39"" Name=""toc 4""/>  <w:LsdException Locked=""false"" Priority=""39"" Name=""toc 5""/>  <w:LsdException Locked=""false"" Priority=""39"" Name=""toc 6""/>  <w:LsdException Locked=""false"" Priority=""39"" Name=""toc 7""/>  <w:LsdException Locked=""false"" Priority=""39"" Name=""toc 8""/>  <w:LsdException Locked=""false"" Priority=""39"" Name=""toc 9""/>  <w:LsdException Locked=""false"" Priority=""35"" QFormat=""true"" Name=""caption""/>  <w:LsdException Locked=""false"" Priority=""10"" SemiHidden=""false""   UnhideWhenUsed=""false"" QFormat=""true"" Name=""Title""/>  <w:LsdException Locked=""false"" Priority=""1"" Name=""Default Paragraph Font""/>  <w:LsdException Locked=""false"" Priority=""11"" SemiHidden=""false""   UnhideWhenUsed=""false"" QFormat=""true"" Name=""Subtitle""/>  <w:LsdException Locked=""false"" Priority=""22"" SemiHidden=""false""   UnhideWhenUsed=""false"" QFormat=""true"" Name=""Strong""/>  <w:LsdException Locked=""false"" Priority=""20"" SemiHidden=""false""   UnhideWhenUsed=""false"" QFormat=""true"" Name=""Emphasis""/>  <w:LsdException Locked=""false"" Priority=""59"" SemiHidden=""false""   UnhideWhenUsed=""false"" Name=""Table Grid""/>  <w:LsdException Locked=""false"" UnhideWhenUsed=""false"" Name=""Placeholder Text""/>  <w:LsdException Locked=""false"" Priority=""1"" SemiHidden=""false""   UnhideWhenUsed=""false"" QFormat=""true"" Name=""No Spacing""/>  <w:LsdException Locked=""false"" Priority=""60"" SemiHidden=""false""   UnhideWhenUsed=""false"" Name=""Light Shading""/>  <w:LsdException Locked=""false"" Priority=""61"" SemiHidden=""false""   UnhideWhenUsed=""false"" Name=""Light List""/>  <w:LsdException Locked=""false"" Priority=""62"" SemiHidden=""false""   UnhideWhenUsed=""false"" Name=""Light Grid""/>  <w:LsdException Locked=""false"" Priority=""63"" SemiHidden=""false""   UnhideWhenUsed=""false"" Name=""Medium Shading 1""/>  <w:LsdException Locked=""false"" Priority=""64"" SemiHidden=""false""   UnhideWhenUsed=""false"" Name=""Medium Shading 2""/>  <w:LsdException Locked=""false"" Priority=""65"" SemiHidden=""false""   UnhideWhenUsed=""false"" Name=""Medium List 1""/>  <w:LsdException Locked=""false"" Priority=""66"" SemiHidden=""false""   UnhideWhenUsed=""false"" Name=""Medium List 2""/>  <w:LsdException Locked=""false"" Priority=""67"" SemiHidden=""false""   UnhideWhenUsed=""false"" Name=""Medium Grid 1""/>  <w:LsdException Locked=""false"" Priority=""68"" SemiHidden=""false""   UnhideWhenUsed=""false"" Name=""Medium Grid 2""/>  <w:LsdException Locked=""false"" Priority=""69"" SemiHidden=""false""   UnhideWhenUsed=""false"" Name=""Medium Grid 3""/>  <w:LsdException Locked=""false"" Priority=""70"" SemiHidden=""false""   UnhideWhenUsed=""false"" Name=""Dark List""/>  <w:LsdException Locked=""false"" Priority=""71"" SemiHidden=""false""   UnhideWhenUsed=""false"" Name=""Colorful Shading""/>  <w:LsdException Locked=""false"" Priority=""72"" SemiHidden=""false""   UnhideWhenUsed=""false"" Name=""Colorful List""/>  <w:LsdException Locked=""false"" Priority=""73"" SemiHidden=""false""   UnhideWhenUsed=""false"" Name=""Colorful Grid""/>  <w:LsdException Locked=""false"" Priority=""60"" SemiHidden=""false""   UnhideWhenUsed=""false"" Name=""Light Shading Accent 1""/>  <w:LsdException Locked=""false"" Priority=""61"" SemiHidden=""false""   UnhideWhenUsed=""false"" Name=""Light List Accent 1""/>  <w:LsdException Locked=""false"" Priority=""62"" SemiHidden=""false""   UnhideWhenUsed=""false"" Name=""Light Grid Accent 1""/>  <w:LsdException Locked=""false"" Priority=""63"" SemiHidden=""false""   UnhideWhenUsed=""false"" Name=""Medium Shading 1 Accent 1""/>  <w:LsdException Locked=""false"" Priority=""64"" SemiHidden=""false""   UnhideWhenUsed=""false"" Name=""Medium Shading 2 Accent 1""/>  <w:LsdException Locked=""false"" Priority=""65"" SemiHidden=""false""   UnhideWhenUsed=""false"" Name=""Medium List 1 Accent 1""/>  <w:LsdException Locked=""false"" UnhideWhenUsed=""false"" Name=""Revision""/>  <w:LsdException Locked=""false"" Priority=""34"" SemiHidden=""false""   UnhideWhenUsed=""false"" QFormat=""true"" Name=""List Paragraph""/>  <w:LsdException Locked=""false"" Priority=""29"" SemiHidden=""false""   UnhideWhenUsed=""false"" QFormat=""true"" Name=""Quote""/>  <w:LsdException Locked=""false"" Priority=""30"" SemiHidden=""false""   UnhideWhenUsed=""false"" QFormat=""true"" Name=""Intense Quote""/>  <w:LsdException Locked=""false"" Priority=""66"" SemiHidden=""false""   UnhideWhenUsed=""false"" Name=""Medium List 2 Accent 1""/>  <w:LsdException Locked=""false"" Priority=""67"" SemiHidden=""false""   UnhideWhenUsed=""false"" Name=""Medium Grid 1 Accent 1""/>  <w:LsdException Locked=""false"" Priority=""68"" SemiHidden=""false""   UnhideWhenUsed=""false"" Name=""Medium Grid 2 Accent 1""/>  <w:LsdException Locked=""false"" Priority=""69"" SemiHidden=""false""   UnhideWhenUsed=""false"" Name=""Medium Grid 3 Accent 1""/>  <w:LsdException Locked=""false"" Priority=""70"" SemiHidden=""false""   UnhideWhenUsed=""false"" Name=""Dark List Accent 1""/>  <w:LsdException Locked=""false"" Priority=""71"" SemiHidden=""false""   UnhideWhenUsed=""false"" Name=""Colorful Shading Accent 1""/>  <w:LsdException Locked=""false"" Priority=""72"" SemiHidden=""false""   UnhideWhenUsed=""false"" Name=""Colorful List Accent 1""/>  <w:LsdException Locked=""false"" Priority=""73"" SemiHidden=""false""   UnhideWhenUsed=""false"" Name=""Colorful Grid Accent 1""/>  <w:LsdException Locked=""false"" Priority=""60"" SemiHidden=""false""   UnhideWhenUsed=""false"" Name=""Light Shading Accent 2""/>  <w:LsdException Locked=""false"" Priority=""61"" SemiHidden=""false""   UnhideWhenUsed=""false"" Name=""Light List Accent 2""/>  <w:LsdException Locked=""false"" Priority=""62"" SemiHidden=""false""   UnhideWhenUsed=""false"" Name=""Light Grid Accent 2""/>  <w:LsdException Locked=""false"" Priority=""63"" SemiHidden=""false""   UnhideWhenUsed=""false"" Name=""Medium Shading 1 Accent 2""/>  <w:LsdException Locked=""false"" Priority=""64"" SemiHidden=""false""   UnhideWhenUsed=""false"" Name=""Medium Shading 2 Accent 2""/>  <w:LsdException Locked=""false"" Priority=""65"" SemiHidden=""false""   UnhideWhenUsed=""false"" Name=""Medium List 1 Accent 2""/>  <w:LsdException Locked=""false"" Priority=""66"" SemiHidden=""false""   UnhideWhenUsed=""false"" Name=""Medium List 2 Accent 2""/>  <w:LsdException Locked=""false"" Priority=""67"" SemiHidden=""false""   UnhideWhenUsed=""false"" Name=""Medium Grid 1 Accent 2""/>  <w:LsdException Locked=""false"" Priority=""68"" SemiHidden=""false""   UnhideWhenUsed=""false"" Name=""Medium Grid 2 Accent 2""/>  <w:LsdException Locked=""false"" Priority=""69"" SemiHidden=""false""   UnhideWhenUsed=""false"" Name=""Medium Grid 3 Accent 2""/>  <w:LsdException Locked=""false"" Priority=""70"" SemiHidden=""false""   UnhideWhenUsed=""false"" Name=""Dark List Accent 2""/>  <w:LsdException Locked=""false"" Priority=""71"" SemiHidden=""false""   UnhideWhenUsed=""false"" Name=""Colorful Shading Accent 2""/>  <w:LsdException Locked=""false"" Priority=""72"" SemiHidden=""false""   UnhideWhenUsed=""false"" Name=""Colorful List Accent 2""/>  <w:LsdException Locked=""false"" Priority=""73"" SemiHidden=""false""   UnhideWhenUsed=""false"" Name=""Colorful Grid Accent 2""/>  <w:LsdException Locked=""false"" Priority=""60"" SemiHidden=""false""   UnhideWhenUsed=""false"" Name=""Light Shading Accent 3""/>  <w:LsdException Locked=""false"" Priority=""61"" SemiHidden=""false""   UnhideWhenUsed=""false"" Name=""Light List Accent 3""/>  <w:LsdException Locked=""false"" Priority=""62"" SemiHidden=""false""   UnhideWhenUsed=""false"" Name=""Light Grid Accent 3""/>  <w:LsdException Locked=""false"" Priority=""63"" SemiHidden=""false""   UnhideWhenUsed=""false"" Name=""Medium Shading 1 Accent 3""/>  <w:LsdException Locked=""false"" Priority=""64"" SemiHidden=""false""   UnhideWhenUsed=""false"" Name=""Medium Shading 2 Accent 3""/>  <w:LsdException Locked=""false"" Priority=""65"" SemiHidden=""false""   UnhideWhenUsed=""false"" Name=""Medium List 1 Accent 3""/>  <w:LsdException Locked=""false"" Priority=""66"" SemiHidden=""false""   UnhideWhenUsed=""false"" Name=""Medium List 2 Accent 3""/>  <w:LsdException Locked=""false"" Priority=""67"" SemiHidden=""false""   UnhideWhenUsed=""false"" Name=""Medium Grid 1 Accent 3""/>  <w:LsdException Locked=""false"" Priority=""68"" SemiHidden=""false""   UnhideWhenUsed=""false"" Name=""Medium Grid 2 Accent 3""/>  <w:LsdException Locked=""false"" Priority=""69"" SemiHidden=""false""   UnhideWhenUsed=""false"" Name=""Medium Grid 3 Accent 3""/>  <w:LsdException Locked=""false"" Priority=""70"" SemiHidden=""false""   UnhideWhenUsed=""false"" Name=""Dark List Accent 3""/>  <w:LsdException Locked=""false"" Priority=""71"" SemiHidden=""false""   UnhideWhenUsed=""false"" Name=""Colorful Shading Accent 3""/>  <w:LsdException Locked=""false"" Priority=""72"" SemiHidden=""false""   UnhideWhenUsed=""false"" Name=""Colorful List Accent 3""/>  <w:LsdException Locked=""false"" Priority=""73"" SemiHidden=""false""   UnhideWhenUsed=""false"" Name=""Colorful Grid Accent 3""/>  <w:LsdException Locked=""false"" Priority=""60"" SemiHidden=""false""   UnhideWhenUsed=""false"" Name=""Light Shading Accent 4""/>  <w:LsdException Locked=""false"" Priority=""61"" SemiHidden=""false""   UnhideWhenUsed=""false"" Name=""Light List Accent 4""/>  <w:LsdException Locked=""false"" Priority=""62"" SemiHidden=""false""   UnhideWhenUsed=""false"" Name=""Light Grid Accent 4""/>  <w:LsdException Locked=""false"" Priority=""63"" SemiHidden=""false""   UnhideWhenUsed=""false"" Name=""Medium Shading 1 Accent 4""/>  <w:LsdException Locked=""false"" Priority=""64"" SemiHidden=""false""   UnhideWhenUsed=""false"" Name=""Medium Shading 2 Accent 4""/>  <w:LsdException Locked=""false"" Priority=""65"" SemiHidden=""false""   UnhideWhenUsed=""false"" Name=""Medium List 1 Accent 4""/>  <w:LsdException Locked=""false"" Priority=""66"" SemiHidden=""false""   UnhideWhenUsed=""false"" Name=""Medium List 2 Accent 4""/>  <w:LsdException Locked=""false"" Priority=""67"" SemiHidden=""false""   UnhideWhenUsed=""false"" Name=""Medium Grid 1 Accent 4""/>  <w:LsdException Locked=""false"" Priority=""68"" SemiHidden=""false""   UnhideWhenUsed=""false"" Name=""Medium Grid 2 Accent 4""/>  <w:LsdException Locked=""false"" Priority=""69"" SemiHidden=""false""   UnhideWhenUsed=""false"" Name=""Medium Grid 3 Accent 4""/>  <w:LsdException Locked=""false"" Priority=""70"" SemiHidden=""false""   UnhideWhenUsed=""false"" Name=""Dark List Accent 4""/>  <w:LsdException Locked=""false"" Priority=""71"" SemiHidden=""false""   UnhideWhenUsed=""false"" Name=""Colorful Shading Accent 4""/>  <w:LsdException Locked=""false"" Priority=""72"" SemiHidden=""false""   UnhideWhenUsed=""false"" Name=""Colorful List Accent 4""/>  <w:LsdException Locked=""false"" Priority=""73"" SemiHidden=""false""   UnhideWhenUsed=""false"" Name=""Colorful Grid Accent 4""/>  <w:LsdException Locked=""false"" Priority=""60"" SemiHidden=""false""   UnhideWhenUsed=""false"" Name=""Light Shading Accent 5""/>  <w:LsdException Locked=""false"" Priority=""61"" SemiHidden=""false""   UnhideWhenUsed=""false"" Name=""Light List Accent 5""/>  <w:LsdException Locked=""false"" Priority=""62"" SemiHidden=""false""   UnhideWhenUsed=""false"" Name=""Light Grid Accent 5""/>  <w:LsdException Locked=""false"" Priority=""63"" SemiHidden=""false""   UnhideWhenUsed=""false"" Name=""Medium Shading 1 Accent 5""/>  <w:LsdException Locked=""false"" Priority=""64"" SemiHidden=""false""   UnhideWhenUsed=""false"" Name=""Medium Shading 2 Accent 5""/>  <w:LsdException Locked=""false"" Priority=""65"" SemiHidden=""false""   UnhideWhenUsed=""false"" Name=""Medium List 1 Accent 5""/>  <w:LsdException Locked=""false"" Priority=""66"" SemiHidden=""false""   UnhideWhenUsed=""false"" Name=""Medium List 2 Accent 5""/>  <w:LsdException Locked=""false"" Priority=""67"" SemiHidden=""false""   UnhideWhenUsed=""false"" Name=""Medium Grid 1 Accent 5""/>  <w:LsdException Locked=""false"" Priority=""68"" SemiHidden=""false""   UnhideWhenUsed=""false"" Name=""Medium Grid 2 Accent 5""/>  <w:LsdException Locked=""false"" Priority=""69"" SemiHidden=""false""   UnhideWhenUsed=""false"" Name=""Medium Grid 3 Accent 5""/>  <w:LsdException Locked=""false"" Priority=""70"" SemiHidden=""false""   UnhideWhenUsed=""false"" Name=""Dark List Accent 5""/>  <w:LsdException Locked=""false"" Priority=""71"" SemiHidden=""false""   UnhideWhenUsed=""false"" Name=""Colorful Shading Accent 5""/>  <w:LsdException Locked=""false"" Priority=""72"" SemiHidden=""false""   UnhideWhenUsed=""false"" Name=""Colorful List Accent 5""/>  <w:LsdException Locked=""false"" Priority=""73"" SemiHidden=""false""   UnhideWhenUsed=""false"" Name=""Colorful Grid Accent 5""/>  <w:LsdException Locked=""false"" Priority=""60"" SemiHidden=""false""   UnhideWhenUsed=""false"" Name=""Light Shading Accent 6""/>  <w:LsdException Locked=""false"" Priority=""61"" SemiHidden=""false""   UnhideWhenUsed=""false"" Name=""Light List Accent 6""/>  <w:LsdException Locked=""false"" Priority=""62"" SemiHidden=""false""   UnhideWhenUsed=""false"" Name=""Light Grid Accent 6""/>  <w:LsdException Locked=""false"" Priority=""63"" SemiHidden=""false""   UnhideWhenUsed=""false"" Name=""Medium Shading 1 Accent 6""/>  <w:LsdException Locked=""false"" Priority=""64"" SemiHidden=""false""   UnhideWhenUsed=""false"" Name=""Medium Shading 2 Accent 6""/>  <w:LsdException Locked=""false"" Priority=""65"" SemiHidden=""false""   UnhideWhenUsed=""false"" Name=""Medium List 1 Accent 6""/>  <w:LsdException Locked=""false"" Priority=""66"" SemiHidden=""false""   UnhideWhenUsed=""false"" Name=""Medium List 2 Accent 6""/>  <w:LsdException Locked=""false"" Priority=""67"" SemiHidden=""false""   UnhideWhenUsed=""false"" Name=""Medium Grid 1 Accent 6""/>  <w:LsdException Locked=""false"" Priority=""68"" SemiHidden=""false""   UnhideWhenUsed=""false"" Name=""Medium Grid 2 Accent 6""/>  <w:LsdException Locked=""false"" Priority=""69"" SemiHidden=""false""   UnhideWhenUsed=""false"" Name=""Medium Grid 3 Accent 6""/>  <w:LsdException Locked=""false"" Priority=""70"" SemiHidden=""false""   UnhideWhenUsed=""false"" Name=""Dark List Accent 6""/>  <w:LsdException Locked=""false"" Priority=""71"" SemiHidden=""false""   UnhideWhenUsed=""false"" Name=""Colorful Shading Accent 6""/>  <w:LsdException Locked=""false"" Priority=""72"" SemiHidden=""false""   UnhideWhenUsed=""false"" Name=""Colorful List Accent 6""/>  <w:LsdException Locked=""false"" Priority=""73"" SemiHidden=""false""   UnhideWhenUsed=""false"" Name=""Colorful Grid Accent 6""/>  <w:LsdException Locked=""false"" Priority=""19"" SemiHidden=""false""   UnhideWhenUsed=""false"" QFormat=""true"" Name=""Subtle Emphasis""/>  <w:LsdException Locked=""false"" Priority=""21"" SemiHidden=""false""   UnhideWhenUsed=""false"" QFormat=""true"" Name=""Intense Emphasis""/>  <w:LsdException Locked=""false"" Priority=""31"" SemiHidden=""false""   UnhideWhenUsed=""false"" QFormat=""true"" Name=""Subtle Reference""/>  <w:LsdException Locked=""false"" Priority=""32"" SemiHidden=""false""   UnhideWhenUsed=""false"" QFormat=""true"" Name=""Intense Reference""/>  <w:LsdException Locked=""false"" Priority=""33"" SemiHidden=""false""   UnhideWhenUsed=""false"" QFormat=""true"" Name=""Book Title""/>  <w:LsdException Locked=""false"" Priority=""37"" Name=""Bibliography""/>  <w:LsdException Locked=""false"" Priority=""39"" QFormat=""true"" Name=""TOC Heading""/> </w:LatentStyles></xml><![endif]--><!-- [if gte mso 10]><style> /* Style Definitions */ table.MsoNormalTable	{mso-style-name:""Table Normal"";	mso-tstyle-rowband-size:0;	mso-tstyle-colband-size:0;	mso-style-noshow:yes;	mso-style-priority:99;	mso-style-parent:"""";	mso-padding-alt:0cm 5.4pt 0cm 5.4pt;	mso-para-margin-top:0cm;	mso-para-margin-right:0cm;	mso-para-margin-bottom:10.0pt;	mso-para-margin-left:0cm;	line-height:115%;	mso-pagination:widow-orphan;	font-size:14.0pt;	mso-bidi-font-size:11.0pt;	font-family:""Calibri"",""sans-serif"";	mso-ascii-font-family:Calibri;	mso-ascii-theme-font:minor-latin;	mso-hansi-font-family:Calibri;	mso-hansi-theme-font:minor-latin;	mso-bidi-font-family:""Times New Roman"";	mso-bidi-theme-font:minor-bidi;	mso-fareast-language:EN-US;}</style><![endif]--></p><p>Description:<br />The basal package is an affordable contributory package that allows sponsorship with as low as 500 Naira only per day. The package allows for daily contribution for a year (365 days).&nbsp; Like other contributory packages, this package has the contribution phase of one year and the incubation phase of One month.&nbsp; During the contributory phase, the Sponsor continues to contribute 500 Naira daily to his portfolio he may also chose to do it weekly or fortnightly (It is better to pay ahead). The profit calculation will only be based on contribution balance. Please note that during the contribution phase, the sponsor may still liquidate his package at a surcharge of 15% of balance.</p><p style=""margin: 0cm; margin-bottom: .0001pt;""><span style=""font-family: 'Arial','sans-serif'; color: #333333;"">Features:<br /></span>Easy to setup.</p><p style=""margin: 0cm; margin-bottom: .0001pt;"">5% <span style=""mso-spacerun: yes;"">&nbsp;</span>Return on Investment in 3 Months.<br />Contributory Sponsorship Package.<br />Minimum contribution as low as 500 Naira daily. <br />Contributory term of 3 months.<br />Maturity tenure of 3 months. <br />To maximize profit, Sponsors are implored to be consistent in daily contributions.</p><p style=""margin: 0cm; margin-bottom: .0001pt;"">Plan can run concurrently with other plans.</p><p style=""margin: 0cm; margin-bottom: .0001pt;"">Monitor your packages from your mobile. <br />Premature termination results in 15% loss of balance.&nbsp; <br />Termination after Contributory phase attracts no penalty.&nbsp;</p><p style=""margin: 0cm; margin-bottom: .0001pt;"">Get huge reward for referring others. <br />Life insurance worth of the total contribution made.&nbsp; &nbsp; &nbsp; &nbsp;<br />Accident insurance of up to 10% of contribution target.&nbsp;&nbsp;</p><p style=""margin: 0cm; margin-bottom: .0001pt;"">&nbsp;</p><p style=""margin: 0cm; margin-bottom: .0001pt;"">Please click here to download brochure for this package.</p><p style=""margin: 0cm; margin-bottom: .0001pt;"">Please click here to download the profit spread sheet for this package.</p>",,flower greeen house.jpeg,19871,500,Micro Sponsorship Packages,5%,2,10000,6,dfsdfsdfs312132132vfff,1,1,daily,NULL,0.0012,0.0012,5,15,0,0,2020-01-03 16:50
18,3edd3fc0f5202fdb0e18db367a340739,Term Package,"<p>This is an investment package targeted at investors&nbsp;that can save their investments over a period of 24months. In this<br />package, a slot of the package shall sell for 25,000 Naira, such that the investor<br />invests a sum of 25,000 Naira, leaves the investment for a further<br />24 months for a return of 200 percent of investment capital.</p><p>&nbsp;</p><p>&nbsp;</p><p>&nbsp;</p><p><strong>Features.</strong></p><p>&nbsp;</p><p><br /><br /></p><p><br /><br /><br /></p><ul><ul><ul><li>Capital will we refunded</li></ul></ul></ul><p><br /><br /><br /></p><p>&nbsp;</p><p><br /><br /><br /></p><ul><ul><ul><li>Investment slot is 25,000 Naira or equivalence.</li></ul></ul></ul><p><br /><br /><br /></p><p>&nbsp;</p><p><br /><br /><br /></p><ul><ul><ul><li>Maturity tenure of 24 months.</li></ul></ul></ul><p><br /><br /><br /></p><p>&nbsp;</p><p><br /><br /><br /></p><ul><ul><ul><li>Up to 200% ROI on maturity</li></ul></ul></ul><p><br /><br /><br /></p><p>&nbsp;</p><p><br /><br /><br /></p><ul><ul><ul><li>An investor may have multiple plans</li></ul></ul></ul><p><br /><br /><br /></p><p>&nbsp;</p><p><br /><br /><br /></p><ul><ul><ul><li>Plan can run concurrently with other investment plans.</li></ul></ul></ul><p><br /><br /><br /></p><p>&nbsp;</p><p><br /><br /><br /></p><ul><ul><ul><li>Monitor investment from your mobile.</li></ul></ul></ul><p><br /><br /><br /></p><p>&nbsp;</p><p><br /><br /><br /></p><ul><ul><ul><li>Premature termination of investment results in 20% loss of balance.</li></ul></ul></ul><p><br /><br /><br /></p><p><br /><br /></p><p>&nbsp;</p><p><strong>Eligibility.</strong><br />This package is opened to anyone.</p>",,,0,25000,Civilian Investments,200%,2,24,6,dfsdfsdfs312132132vfff,1,0,monthly,68.5,0.00274,0,200,20,0,0,2020-01-03 16:57
